{
"si_sdr": 12.85085678961128,
"si_sdr_imp": 12.848517820447654,
"sdr": 13.444847487444756,
"sdr_imp": 13.266170582662733,
"sir": 21.69237398987856,
"sir_imp": 21.51369525256718,
"sar": 14.436157971185235,
"sar_imp": -53.69036468392166,
"stoi": 0.9066326656500671,
"stoi_imp": 0.19375857322677412,
"pesq": 2.613456443667412,
"pesq_imp": 1.0066792884469031
}