{
"si_sdr": 15.763041371359801,
"si_sdr_imp": 15.762527122886075,
"stoi": 0.9387818713871587,
"stoi_imp": 0.22584139381695043,
"pesq": 3.1536912961006163,
"pesq_imp": 1.5510029299855232
}